ID,Control Title,Implementation Status,Implementation Type
3.1,Access Control,,
03.01.01,Account Management,[ ],Technical (useradd/usermod)
03.01.05,Least Privilege,[ ],Technical (sudoers)
03.01.09,System Use Notification,[ ],Technical (/etc/issue)
3.3,Audit & Accountability,,
03.03.01,Event Logging,[ ],Technical (auditd)
03.03.03,Audit Storage Capacity,[ ],Technical (auditd.conf)
03.03.06,Time Stamps,[ ],Technical (chrony)
3.5,Identification & Auth,,
03.05.02,Multi-Factor Authentication,[ ],Technical (PAM/Duo)
03.05.11,Password Cryptography,[ ],Technical (SHA512)
3.14,System Integrity,,
03.14.01,Flaw Remediation,[ ],Technical (yum/dnf)
03.14.02,Malware Protection,[ ],Technical (ClamAV)
03.14.07,File Integrity (FIM),[ ],Technical (AIDE)
Admin,Non-System Items,,
03.02.01,Security Literacy Training,[ ],Policy / LMS
03.06.01,Incident Response Plan,[ ],Documentation
03.10.01,Physical Access Logs,[ ],Physical / Manual
